<application>
  <component name="AndroidLogcatFilterHistory">
    <option name="mostRecentlyUsed" value="package:mine courseviewmodel" />
    <option name="nonFavorites">
      <list>
        <option value="package:mine courseviewmodel" />
        <option value="package:mine " />
        <option value="button" />
        <option value="courseviewmodel" />
        <option value="to you nowpackage:za.co.getlearning.learningmindset " />
        <option value="to you nowpackage:za.co.getlearning.learningmindset courseviewmodell401" />
        <option value="package:za.co.getlearning.learningmindset CourseViewModel" />
        <option value="package:za.co.getlearning.learningmindset " />
        <option value="package:za.co.getlearning.learningmindset firestore" />
        <option value="package:za.co.getlearning.learningmindset feedback" />
        <option value="package:za.co.getlearning.learningmindset usersession" />
        <option value="package:za.co.getlearning.learningmindset viewmodel" />
        <option value="package:za.co.getlearning.learningmindset mainviewmodel" />
        <option value="package:za.co.getlearning.learningmindset" />
        <option value="package:mine Exception" />
        <option value="package:mine ScreenSize" />
        <option value="package:mine TextWithBold" />
        <option value="package:mine section" />
        <option value="package:mine headerId" />
        <option value="package:mine currentPage" />
      </list>
    </option>
  </component>
</application>