<keymap version="1" name="Windows copy" parent="$default">
  <action id="ActivateAppInspectionToolWindow">
    <keyboard-shortcut first-keystroke="shift ctrl alt f11" />
  </action>
  <action id="ActivateDeviceManagerToolWindow">
    <keyboard-shortcut first-keystroke="shift ctrl alt 1" />
  </action>
  <action id="ActivateLogcatToolWindow">
    <keyboard-shortcut first-keystroke="alt f11" />
  </action>
  <action id="ActivateNotificationsToolWindow">
    <keyboard-shortcut first-keystroke="shift ctrl alt f12" />
  </action>
  <action id="ActivateRunningDevicesToolWindow">
    <keyboard-shortcut first-keystroke="shift ctrl alt f2" />
  </action>
  <action id="MaximizeEditorInSplit">
    <keyboard-shortcut first-keystroke="shift ctrl alt f3" />
  </action>
  <action id="MoveEditorToOppositeTabGroup">
    <keyboard-shortcut first-keystroke="shift ctrl alt f6" />
  </action>
  <action id="NextSplitter">
    <keyboard-shortcut first-keystroke="shift ctrl alt f5" />
  </action>
  <action id="RebuildGradleProject">
    <keyboard-shortcut first-keystroke="shift ctrl alt f4" />
  </action>
  <action id="ResourceExplorer.open">
    <keyboard-shortcut first-keystroke="shift ctrl alt f1" />
  </action>
  <action id="SearchEverywhere">
    <keyboard-shortcut first-keystroke="shift ctrl alt f9" />
  </action>
  <action id="ToggleZenMode">
    <keyboard-shortcut first-keystroke="shift ctrl alt z" />
  </action>
  <action id="UpdateRunningApplication" />
  <action id="Vcs.Log.EnableFilterByRegexAction">
    <keyboard-shortcut first-keystroke="alt x" />
  </action>
  <action id="android.deploy.ApplyChanges">
    <keyboard-shortcut first-keystroke="ctrl f10" />
  </action>
  <action id="android.deploy.CodeSwap">
    <keyboard-shortcut first-keystroke="ctrl alt f10" />
  </action>
  <action id="android.emulator.back.button">
    <keyboard-shortcut first-keystroke="shift ctrl alt 7" />
  </action>
  <action id="android.emulator.home.button">
    <keyboard-shortcut first-keystroke="shift ctrl alt 5" />
  </action>
  <action id="android.emulator.overview.button">
    <keyboard-shortcut first-keystroke="shift ctrl alt 6" />
  </action>
  <action id="android.emulator.rotate.left">
    <keyboard-shortcut first-keystroke="shift ctrl alt 3" />
  </action>
  <action id="android.emulator.rotate.right">
    <keyboard-shortcut first-keystroke="shift ctrl alt 4" />
  </action>
</keymap>